{"chunks": [{"id": "chunk_0", "title": "Introduction", "content": "This is a test document for Large PDF. This is extra text to ensure the chunk length is greater.", "type": "chapter", "keywords": ["large", "is", "this", "extra", "text"]}], "chunk_vectors": [{"this": 0.6137056388801094, "is": 0.9205584583201641, "a": 0.3068528194400547, "test": 0.3068528194400547, "document": 0.3068528194400547, "for": 0.3068528194400547, "large": 1.0, "pdf": 0.3068528194400547, "extra": 0.5945348918918356, "text": 0.5945348918918356, "to": 0.5945348918918356, "ensure": 0.5945348918918356, "the": 0.5945348918918356, "chunk": 0.5945348918918356, "length": 0.5945348918918356, "greater": 0.5945348918918356}], "knowledge_graph": {"nodes": [], "edges": []}, "analysis_metadata": {"subject": "Unknown", "branch": "Unknown", "difficulty": "beginner", "reading_time_minutes": 5, "learning_objectives": [], "key_concepts": [], "prerequisites": [], "key_definitions": []}, "vocab": ["pdf", "to", "the", "length", "is", "test", "for", "document", "ensure", "text", "large", "a", "extra", "chunk", "this", "small", "medium", "greater"], "idf": {"pdf": 0.3068528194400547, "to": 0.5945348918918356, "the": 0.5945348918918356, "length": 0.5945348918918356, "is": 0.3068528194400547, "test": 0.3068528194400547, "for": 0.3068528194400547, "document": 0.3068528194400547, "ensure": 0.5945348918918356, "text": 0.5945348918918356, "a": 0.3068528194400547, "extra": 0.5945348918918356, "chunk": 0.5945348918918356, "this": 0.3068528194400547, "small": 1.0, "greater": 0.5945348918918356, "medium": 1.0, "large": 1.0}, "doc_count": 1, "doc_freqs": {"pdf": 3, "greater": 2, "to": 2, "the": 2, "length": 2, "is": 3, "test": 3, "for": 3, "document": 3, "ensure": 2, "text": 2, "a": 3, "extra": 2, "chunk": 2, "small": 1, "this": 3, "medium": 1, "large": 1}, "doc_id": "8bfb2261-ff5d-431c-9609-19d3222ad37e"}